,input_name,matched_name,pubchem_cid,cas_rn,smiles,source,notes
0,Acetaldehyde,acetaldehyde,177,75-07-0,CC=O,CIR (NIH Cactus),
1,Carbon disulfide,methanedithione,6348,75-15-0,S=C=S,CIR (NIH Cactus),
2,Diethyl sulfide,ethylsulfanylethane,9609,352-93-2,CCSCC,CIR (NIH Cactus),
3,Dimethyl sulfide,methylsulfanylmethane,1068,75-18-3,CSC,CIR (NIH Cactus),
4,Ethyl 2-methylbutyrate,ethyl 2-methylbutanoate,24020,7452-79-1,CCOC(=O)C(C)CC,CIR (NIH Cactus),
5,Ethyl acetate,ethyl acetate,8857,141-78-6,CCOC(C)=O,CIR (NIH Cactus),
6,Ethyl decanoate,ethyl decanoate,8048,110-38-3,CCCCCCCCCC(=O)OCC,CIR (NIH Cactus),
7,Ethyl hexanoate,ethyl hexanoate,31265,123-66-0,CCCCCC(=O)OCC,CIR (NIH Cactus),
8,Ethyl 3-methylbutyrate,ethyl 3-methylbutanoate,7945,108-64-5,CCOC(=O)CC(C)C,CIR (NIH Cactus),
9,Ethyl octanoate,ethyl octanoate,7799,106-32-1,CCCCCCCC(=O)OCC,CIR (NIH Cactus),
10,Ethyl propionate,ethyl propanoate,7749,105-37-3,CCOC(=O)CC,CIR (NIH Cactus),
11,Hydrogen sulfide,sulfane,402,7783-06-4,S,CIR (NIH Cactus),
12,Isoamyl alcohol,3-methylbutan-1-ol,31260,123-51-3,CC(C)CCO,CIR (NIH Cactus),
13,Isobutanol,2-methylpropan-1-ol,6560,78-83-1,CC(C)CO,CIR (NIH Cactus),
14,Isobutyl acetate,2-methylpropyl acetate,8038,110-19-0,CC(C)COC(C)=O,CIR (NIH Cactus),
15,Isoamyl acetate,3-methylbutyl acetate,31276,123-92-2,CC(C)CCOC(C)=O,CIR (NIH Cactus),
16,Methanethiol,methanethiol,878,74-93-1,CS,CIR (NIH Cactus),
17,Octyl acetate,octyl acetate,8164,112-14-1,CCCCCCCCOC(C)=O,CIR (NIH Cactus),
18,Phenethyl acetate,2-phenylethyl acetate,7654,103-45-7,CC(=O)OCCc1ccccc1,CIR (NIH Cactus),
19,Phenethyl alcohol,2-phenylethanol,6054,60-12-8,OCCc1ccccc1,CIR (NIH Cactus),
20,4-vinylguaiacol,4-ethenyl-2-methoxyphenol,332,7786-61-0,COc1ccc(C=C)cc1O,CIR (NIH Cactus),
21,Sulfur dioxide,sulfur dioxide,1119,7446-09-5,O=[S]=O,CIR (NIH Cactus),
22,Acetic acid,acetic acid,176,64-19-7,CC(O)=O,CIR (NIH Cactus),
23,Ammonia,azane,222,7664-41-7,N,CIR (NIH Cactus),
26,Lactic acid,2-hydroxypropanoic acid,612,50-21-5,CC(O)C(O)=O,CIR (NIH Cactus),
27,Glycerol,"propane-1,2,3-triol",753,56-81-5,OCC(O)CO,CIR (NIH Cactus),
28,Iron,iron,23925,7439-89-6,[Fe],CIR (NIH Cactus),
29,pH,,,29879-37-6,P,CIR (NIH Cactus),
33,Ethanol,ethanol,702,64-17-5,CCO,CIR (NIH Cactus),
34,Carbon dioxide,carbon dioxide,280,124-38-9,O=C=O,CIR (NIH Cactus),
37,1-propanol,propan-1-ol,1031,71-23-8,CCCO,CIR (NIH Cactus),
38,Diacetyl,"butane-2,3-dione",650,431-03-8,CC(=O)C(C)=O,CIR (NIH Cactus),
39,3-methylbutanal,3-methylbutanal,11552,590-86-3,CC(C)CC=O,CIR (NIH Cactus),
40,Propylene glycol,"propane-1,2-diol",1030,57-55-6,CC(O)CO,CIR (NIH Cactus),
41,N-propyl acetate,propyl acetate,7997,109-60-4,CCCOC(C)=O,CIR (NIH Cactus),
42,N-pentanol,pentan-1-ol,6276,71-41-0,CCCCCO,CIR (NIH Cactus),
43,2-methyl-1-butanol,2-methylbutan-1-ol,8723,137-32-6,CCC(C)CO,CIR (NIH Cactus),
44,Isopentyl formate,3-methylbutyl formate,8052,110-45-2,CC(C)CCOC=O,CIR (NIH Cactus),
45,Ethyl isobutyrate,ethyl 2-methylpropanoate,7342,97-62-1,CCOC(=O)C(C)C,CIR (NIH Cactus),
46,3-methyl-2-butenal,3-methylbut-2-enal,61020,107-86-8,CC(C)=CC=O,CIR (NIH Cactus),
47,2-methyltetrahydrofuran-3-one,2-methyloxolan-3-one,18522,3188-00-9,CC1OCCC1=O,CIR (NIH Cactus),
48,Ethyl butyrate,ethyl butanoate,7762,105-54-4,CCCC(=O)OCC,CIR (NIH Cactus),
49,Butyl acetate,butyl acetate,31272,123-86-4,CCCCOC(C)=O,CIR (NIH Cactus),
50,Methylpyrazine,2-methylpyrazine,7976,109-08-0,Cc1cnccn1,CIR (NIH Cactus),
51,Furfural,furan-2-carbaldehyde,7362,98-01-1,O=Cc1occc1,CIR (NIH Cactus),
52,Ethyl lactate,ethyl 2-hydroxypropanoate,7344,97-64-3,CCOC(=O)C(C)O,CIR (NIH Cactus),
53,Cis-3-hexenol,(Z)-hex-3-en-1-ol,5281167,928-96-1,CC\C=C/CCO,CIR (NIH Cactus),
54,N-hexanol,hexan-1-ol,8103,111-27-3,CCCCCCO,CIR (NIH Cactus),
55,Styrene,styrene,7501,100-42-5,C=Cc1ccccc1,CIR (NIH Cactus),
56,Furfuryl alcohol,furan-2-ylmethanol,7361,98-00-0,OCc1occc1,CIR (NIH Cactus),
57,3-methyl-2-hexanol,3-methylhexan-2-ol,16835,2313-65-7,CCCC(C)C(C)O,CIR (NIH Cactus),
58,3-furanmethanol,furan-3-ylmethanol,20449,4412-91-3,OCc1cocc1,CIR (NIH Cactus),
59,2-acetylfuran,1-(furan-2-yl)ethanone,14505,1192-62-7,CC(=O)c1occc1,CIR (NIH Cactus),
60,"2,6-dimethylpyrazine","2,6-dimethylpyrazine",7938,108-50-9,Cc1cncc(C)n1,CIR (NIH Cactus),
61,Amyl acetate,pentyl acetate,12348,628-63-7,CCCCCOC(C)=O,CIR (NIH Cactus),
62,Ethyl tiglate,ethyl (E)-2-methylbut-2-enoate,5281163,5837-78-5,CCOC(=O)\C(C)=C\C,CIR (NIH Cactus),
63,Benzaldehyde,benzaldehyde,240,100-52-7,O=Cc1ccccc1,CIR (NIH Cactus),
64,5-methylfurfural,5-methylfuran-2-carbaldehyde,12097,620-02-0,Cc1oc(C=O)cc1,CIR (NIH Cactus),
65,N-heptanol,heptan-1-ol,8129,111-70-6,CCCCCCCO,CIR (NIH Cactus),
66,1-octen-3-ol,oct-1-en-3-ol,18827,3391-86-4,CCCCCC(O)C=C,CIR (NIH Cactus),
67,Methionol,3-methylsulfanylpropan-1-ol,10448,505-10-2,CSCCCO,CIR (NIH Cactus),
68,Isomaltol,1-(3-hydroxyfuran-2-yl)ethanone,18898,3420-59-5,CC(=O)c1occc1O,CIR (NIH Cactus),
69,Methyl heptenone,6-methylhept-5-en-2-one,9862,110-93-0,CCCC=CC(=O)CC,CIR (NIH Cactus),
70,2-pentyl furan,2-pentylfuran,19602,3777-69-3,CCCCCc1occc1,CIR (NIH Cactus),
74,Hexyl acetate,hexyl acetate,8908,142-92-7,CCCCCCOC(C)=O,CIR (NIH Cactus),
75,Isopentyl butanoate,3-methylbutyl butanoate,7795,106-27-4,CCCC(=O)OCCC(C)C,CIR (NIH Cactus),
76,2-ethyl-1-hexanol,2-ethylhexan-1-ol,7720,104-76-7,CCCCC(CC)CO,CIR (NIH Cactus),
77,Beta-phellandrene,3-methylidene-6-propan-2-ylcyclohexene,11142,555-10-2,CC(C)C1CCC(=C)C=C1,CIR (NIH Cactus),
78,Limonene,1-methyl-4-prop-1-en-2-ylcyclohexene,22311,138-86-3,CC(=C)C1CCC(=CC1)C,CIR (NIH Cactus),
79,Eucalyptol,"1,3,3-trimethyl-2-oxabicyclo[2.2.2]octane",2758,470-82-6,CC12CCC(CC1)C(C)(C)O2,CIR (NIH Cactus),
80,Benzyl alcohol,phenylmethanol,244,100-51-6,OCc1ccccc1,CIR (NIH Cactus),
81,Ethyl 2-hexenoate,ethyl (E)-hex-2-enoate,5364778,1552-67-6,CCCC=CC(=O)OCC,CIR (NIH Cactus),
82,Phenylacetaldehyde,2-phenylacetaldehyde,998,122-78-1,O=CCc1ccccc1,CIR (NIH Cactus),
84,Prenyl isobutyrate,3-methylbut-2-enyl 2-methylpropanoate,173535,76649-23-5,CC(C)C(=O)OCC=C(C)C,CIR (NIH Cactus),
85,Ethyl furoate,ethyl furan-2-carboxylate,11980,614-99-3,CCOC(=O)c1occc1,CIR (NIH Cactus),
86,O-cresol,2-methylphenol,335,95-48-7,Cc1ccccc1O,CIR (NIH Cactus),
87,Ethyl 5-methylhexanoate,ethyl 5-methylhexanoate,234290,10236-10-9,CCOC(=O)CCCC(C)C,CIR (NIH Cactus),
88,2-acetylpyrrole,1-(1H-pyrrol-2-yl)ethanone,14079,1072-83-9,CC(=O)c1[nH]ccc1,CIR (NIH Cactus),
89,Isoamyl lactate,3-methylbutyl 2-hydroxypropanoate,86851,19329-89-6,CC(C)CCOC(=O)C(C)O,CIR (NIH Cactus),
90,N-octanol,octan-1-ol,957,111-87-5,CCCCCCCCO,CIR (NIH Cactus),
93,Terpinolene,1-methyl-4-propan-2-ylidenecyclohexene,11463,586-62-9,CC(C)=C1CCC(=CC1)C,CIR (NIH Cactus),
94,Linalool,"3,7-dimethylocta-1,6-dien-3-ol",6549,78-70-6,CC(C)=CCCC(C)(O)C=C,CIR (NIH Cactus),
95,2-nonanol,nonan-2-ol,12367,628-99-9,CCCCCCCC(C)O,CIR (NIH Cactus),
96,N-nonanal,nonanal,31289,124-19-6,CCCCCCCCC=O,CIR (NIH Cactus),
97,2-methyl-benzofuran,2-methyl-1-benzofuran,20263,4265-25-2,Cc1oc2ccccc2c1,CIR (NIH Cactus),
98,Heptyl acetate,heptyl acetate,8159,112-06-1,CCCCCCCOC(C)=O,CIR (NIH Cactus),
99,4-methyl-1-pentanol,4-methylpentan-1-ol,12296,626-89-1,CC(C)CCCO,CIR (NIH Cactus),
105,Camphor,"1,7,7-trimethylbicyclo[2.2.1]heptan-2-one",2537,76-22-2,CCCCCC/C=C/C=O,CIR (NIH Cactus),
106,Isobutyl hexanoate,2-methylpropyl hexanoate,7775,105-79-3,CCCCCC(=O)OCC(C)C,CIR (NIH Cactus),
107,Nerol oxide,"4-methyl-2-(2-methylprop-1-enyl)-3,6-dihydro-2H-pyran",61275,1786-08-9,CC(C)=CCCC1(C)OC1CO,CIR (NIH Cactus),
108,E-2-nonenal,,,18829-56-6,CCCCCC/C=C/C=O,CIR (NIH Cactus),
110,4-ethyl-phenol,4-ethylphenol,31242,123-07-9,CCc1ccc(O)cc1,CIR (NIH Cactus),
111,Isoborneol,"(1R,2R,4R)-1,7,7-trimethylbicyclo[2.2.1]heptan-2-ol",6321405,124-76-5,CC1(C)C2CCC1(C)C(O)C2,CIR (NIH Cactus),
112,Ethyl benzoate,ethyl benzoate,7165,93-89-0,CCOC(=O)c1ccccc1,CIR (NIH Cactus),
113,N-nonanol,nonan-1-ol,8914,143-08-8,CCCCCCCCCO,CIR (NIH Cactus),
114,Terpinen-4-ol,4-methyl-1-propan-2-ylcyclohex-3-en-1-ol,11230,562-74-3,CC1=C2CC(CC1C3(CC4CC(=C3C)C4(C)C)C5C(O)C6CC(=C5C)C6(C)C)C2(C)C,CIR (NIH Cactus),
115,Diethyl succinate,diethyl butanedioate,31249,123-25-1,CCOC(=O)CCC(=O)OCC,CIR (NIH Cactus),
116,Vinyl caprylate,ethenyl octanoate,13164,818-44-0,CCCCCCCC(=O)OC=C,CIR (NIH Cactus),
117,Alpha-terpineol,2-(4-methylcyclohex-3-en-1-yl)propan-2-ol,17100,98-55-5,CC1=CCC(CC1)C(C)(C)O,CIR (NIH Cactus),
118,Ethyl linalool,"(6E)-3,7-dimethylnona-1,6-dien-3-ol",6433547,10339-55-6,CCC=CC(C)(O)CCC=C(C)C,CIR (NIH Cactus),
119,Ethyl nicotinate,ethyl pyridine-3-carboxylate,69188,614-18-6,CCOC(=O)c1cccnc1,CIR (NIH Cactus),
120,Citronellol,"3,7-dimethyloct-6-en-1-ol",8842,106-22-9,CC(CCO)CCC=C(C)C,CIR (NIH Cactus),
121,Nerol,"(2Z)-3,7-dimethylocta-2,6-dien-1-ol",643820,106-25-2,CC(C)=CCC\C(C)=C/CO,CIR (NIH Cactus),
122,5-hydroxymethylfurfural,5-(hydroxymethyl)furan-2-carbaldehyde,237332,67-47-0,OCc1oc(C=O)cc1,CIR (NIH Cactus),
124,Cumin aldehyde,4-propan-2-ylbenzaldehyde,326,122-03-2,CC(C)c1ccc(C=O)cc1,CIR (NIH Cactus),
125,Ethyl phenylacetate,ethyl 2-phenylacetate,7590,101-97-3,CCOC(=O)Cc1ccccc1,CIR (NIH Cactus),
126,Isopentyl hexanoate,3-methylbutyl hexanoate,16617,2198-61-0,CCCCCC(=O)OCCC(C)C,CIR (NIH Cactus),
127,Geraniol,"(2E)-3,7-dimethylocta-2,6-dien-1-ol",637566,106-24-1,CC(C)=CCC\C(C)=C\CO,CIR (NIH Cactus),
129,Cinnamaldehyde,(E)-3-phenylprop-2-enal,637511,104-55-2,O=CC=Cc1ccccc1,CIR (NIH Cactus),
130,N-decanol,decan-1-ol,8174,112-30-1,CCCCCCCCCCO,CIR (NIH Cactus),
131,Neryl formate,"[(2Z)-3,7-dimethylocta-2,6-dienyl] formate",5354882,2142-94-1,CC(C)=CCCC(\C)=C/COC=O,CIR (NIH Cactus),
132,4-ethyl-guaiacol,4-ethyl-2-methoxyphenol,62465,2785-89-9,CCc1ccc(OC)c(O)c1,CIR (NIH Cactus),
133,2-undecanone,undecan-2-one,8163,112-12-9,CCCCCCCCCC(C)=O,CIR (NIH Cactus),
135,Terpinen-4-ol acetate,(4-methyl-1-propan-2-ylcyclohex-3-en-1-yl) acetate,20960,4821-04-9,CC(O)=O.CC1=C2CC(CC1C3(CC4CC(=C3C)C4(C)C)C5C(O)C6CC(=C5C)C6(C)C)C2(C)C,CIR (NIH Cactus),
136,2-undecanol,undecan-2-ol,15448,1653-30-1,CCCCCCCCCC(C)O,CIR (NIH Cactus),
138,"E,E-2,4-decadienal",,,30551-18-9,CCCCC/C=C/C=C/C=O,CIR (NIH Cactus),
139,Methyl geranate,"methyl (2E)-3,7-dimethylocta-2,6-dienoate",5365910,1189-09-9,COC(=O)\C=C(/C)CCC=C(C)C,CIR (NIH Cactus),
140,Car-3-en-2-one,"3,7,7-trimethylbicyclo[4.1.0]hept-3-en-2-one",13901618,107493-44-7,CC1=CCC2C(C1=O)C2(C)C,CIR (NIH Cactus),
141,Dimethoxy-E-citral,,,,COC(OC)\C(C)=C\CCC(C)=CC=O,CIR (NIH Cactus),CAS not found; 
142,2-butyl octanoate,butan-2-yl octanoate,229784,5458-61-7,CCCCCCCC(=O)OC(C)CC,CIR (NIH Cactus),
143,4-methoxysalicylaldehyde,2-hydroxy-4-methoxybenzaldehyde,69600,673-22-3,COc1ccc(C=O)c(O)c1,CIR (NIH Cactus),
144,Ethyl hydrocinnamate,ethyl 3-phenylpropanoate,16237,2021-28-5,CCOC(=O)CCc1ccccc1,CIR (NIH Cactus),
145,Eugenol,2-methoxy-4-prop-2-enylphenol,3314,97-53-0,COc1cc(CC=C)ccc1O,CIR (NIH Cactus),
146,Gamma-nonalactone,5-pentyloxolan-2-one,7710,104-61-0,CCCCC[C@H]1CCC(=O)O1,CIR (NIH Cactus),
147,Methyl para-anisate,,,121-98-2,COC(=O)c1ccc(OC)cc1,CIR (NIH Cactus),
149,Ethyl 9-decenoate,ethyl dec-9-enoate,522255,67233-91-4,CCOC(=O)CCCCCCCC=C,CIR (NIH Cactus),
150,Vanillin,4-hydroxy-3-methoxybenzaldehyde,1183,121-33-5,COc1cc(C=O)ccc1O,CIR (NIH Cactus),
151,Geosmin,"(4S,4aS,8aR)-4,8a-dimethyl-1,2,3,4,5,6,7,8-octahydronaphthalen-4a-ol",29746,19700-21-1,C[C@H]1CCC[C@@]2(C)CCCC[C@]12O,CIR (NIH Cactus),
152,Dodecanal,dodecanal,8194,112-54-9,CCCCCCCCCCCC=O,CIR (NIH Cactus),
154,Caryophyllene,"(1R,4E,9S)-4,11,11-trimethyl-8-methylidenebicyclo[7.2.0]undec-4-ene",5281515,87-44-5,C\C1=C/CCC(=C)C2CC(C)(C)C2CC1,CIR (NIH Cactus),
156,Perillyl acetate,(4-prop-1-en-2-ylcyclohexen-1-yl)methyl acetate,61780,15111-96-3,CC(=C)C1CCC(=CC1)COC(C)=O,CIR (NIH Cactus),
160,Pentyl octanoate,pentyl octanoate,61185,638-25-5,CCCCCCCC(=O)OCCCCC,CIR (NIH Cactus),
162,2-methylbutyl octanoate,2-methylbutyl octanoate,530406,67121-39-5,CCCCCCCC(=O)OCC(C)CC,CIR (NIH Cactus),
163,Alpha-humulene,"(1E,4E,8E)-2,6,6,9-tetramethylcycloundeca-1,4,8-triene",5281520,6753-98-6,C\C1=C/CC(C)(C)\C=C\CC(=C/CC1)/C,CIR (NIH Cactus),
164,Neryl propanoate,"[(2Z)-3,7-dimethylocta-2,6-dienyl] propanoate",5365982,105-91-9,CCC(=O)OC\C=C(\C)CCC=C(C)C,CIR (NIH Cactus),
166,Ethyl cinnamate,ethyl (E)-3-phenylprop-2-enoate,637758,103-36-6,CCOC(=O)C=Cc1ccccc1,CIR (NIH Cactus),
167,Linalool isovalerate,,,,CC(C)CC(O)=O.CC(C)=CCCC(C)(O)C=C,CIR (NIH Cactus),CAS not found; 
169,N-dodecanol,dodecan-1-ol,8193,112-53-8,CCCCCCCCCCCCO,CIR (NIH Cactus),
170,Germacrene D,"(1E,6E,8S)-1-methyl-5-methylidene-8-propan-2-ylcyclodeca-1,6-diene",5317570,23986-74-5,CC(C)[C@@H]\1CCC(=C/CCC(=C)/C=C1)/C,CIR (NIH Cactus),
172,Valencene,"(3R,4aS,5R)-4a,5-dimethyl-3-prop-1-en-2-yl-2,3,4,5,6,7-hexahydro-1H-naphthalene",9855795,4630-07-3,CC1CCC=C2CCC(CC12C)C(C)=C,CIR (NIH Cactus),
173,Neryl isobutanoate,"[(2Z)-3,7-dimethylocta-2,6-dienyl] 2-methylpropanoate",5365991,2345-24-6,CC(C)C(=O)OC\C=C(\C)CCC=C(C)C,CIR (NIH Cactus),
174,Methyl isoeugenol,"1,2-dimethoxy-4-prop-1-enylbenzene",7128,93-16-3,COc1ccc(C=CC)cc1OC,CIR (NIH Cactus),
176,Butylated hydroxytoluene,,,50356-19-9,Cc1cc(c(O)c(c1)C(C)(C)C)C(C)(C)C,CIR (NIH Cactus),
178,Z-nerolidol,,,3790-78-1,CC(C)=CCCC(\C)=C/CCC(C)(O)C=C,CIR (NIH Cactus),
179,E-ortho-methoxy cinnamaldehyde,,,1504-74-1,COc1ccccc1\C=C\C=O,CIR (NIH Cactus),
183,Caryophyllene alcohol,"(1R,2S,5R,8S)-4,4,8-trimethyltricyclo[6.3.1.02,5]dodecan-1-ol",11746218,56747-96-7,CC1(C)CC2C3CCCC(C)(C3O)C2C1,CIR (NIH Cactus),
184,Neryl isovalerate,"[(2Z)-3,7-dimethylocta-2,6-dienyl] 3-methylbutanoate",6429039,3915-83-1,CC(C)CC(=O)OC\C=C(\C)CCC=C(C)C,CIR (NIH Cactus),
185,Spathulenol,"(1aR,4aR,7S,7aR,7bR)-1,1,7-trimethyl-4-methylidene-1a,2,3,4a,5,6,7a,7b-octahydrocyclopropa[h]azulen-7-ol",92231,6750-60-3,CC1(O)CCC2[C@@H]1C3C(CCC2=C)C3(C)C,CIR (NIH Cactus),
186,Caryophyllene oxide,"(1R,4R,6R,10S)-4,12,12-trimethyl-9-methylidene-5-oxatricyclo[8.2.0.04,6]dodecane",1742210,1139-30-6,CC1(C)CC2C1CCC3(C)OC3CCC2=C,CIR (NIH Cactus),
187,Humulene epoxide II,"(3Z,7Z)-1,5,5,8-tetramethyl-12-oxabicyclo[9.1.0]dodeca-3,7-diene",23274265,19888-34-7,C\C1=C/CC(C)(C)\C=C/CC2(C)OC2CC1,CIR (NIH Cactus),
190,Isopropyl laurate,propan-2-yl dodecanoate,25068,10233-13-3,CCCCCCCCCCCC(=O)OC(C)C,CIR (NIH Cactus),
198,14-hydroxy-9-epi-(E)-caryophyllene,"[(5Z)-6,10-dimethyl-2-methylidene-10-bicyclo[7.2.0]undec-5-enyl]methanol",5352484,244226-09-3,C\C1=C\CCC(=C)C2CC(C)(CO)C2CC1,CIR (NIH Cactus),
200,N-tetradecanol,tetradecan-1-ol,8209,112-72-1,CC(=CCC/C(=C/CC/C(=C/C(=O)OC)/C)/C)C,CIR (NIH Cactus),
202,Cadalene,"1,6-dimethyl-4-propan-2-ylnaphthalene",10225,483-78-3,CC(C)c1ccc(C)c2ccc(C)cc12,CIR (NIH Cactus),
205,Caryophyllene acetate,"[(1R,2S,5R,8S)-4,4,8-trimethyl-1-tricyclo[6.3.1.02,5]dodecanyl] acetate",90473619,57082-24-3,CC(=O)OC12CCCC(C)(CCC3C1CC3(C)C)C2,CIR (NIH Cactus),
208,"Z,Z-farnesol","(2Z,6Z)-3,7,11-trimethyldodeca-2,6,10-trien-1-ol",1549107,16106-95-9,CC(C)=CCCC(\C)=C/CCC(\C)=C/CO,CIR (NIH Cactus),
209,"Z,E-farnesol","(2Z,6E)-3,7,11-trimethyldodeca-2,6,10-trien-1-ol",1549108,3790-71-4,CC(C)=CCCC(/C)=C/CCC(\C)=C/CO,CIR (NIH Cactus),
211,Benzyl benzoate,benzyl benzoate,2345,120-51-4,O=C(OCc1ccccc1)c2ccccc2,CIR (NIH Cactus),
212,"2E,6E-methyl farnesoate",,,10485-70-8,COC(=O)\C=C(/C)CC\C=C(/C)CCC=C(C)C,CIR (NIH Cactus),
213,Ethyl tetradecanoate,ethyl tetradecanoate,31283,124-06-1,CCCCCCCCCCCCCC(=O)OCC,CIR (NIH Cactus),
214,2-ethylhexyl acrylate,2-ethylhexyl prop-2-enoate,7636,103-11-7,CCCCC(CC)COC(=O)C=C,CIR (NIH Cactus),
215,Isopropyl tetradecanoate,propan-2-yl tetradecanoate,8042,110-27-0,CCCCCCCCCCCCCC(=O)OC(C)C,CIR (NIH Cactus),
216,Ethyl pentadecanoate,ethyl pentadecanoate,38762,41114-00-5,CCCCCCCCCCCCCCC(=O)OCC,CIR (NIH Cactus),
217,Methyl hexadecanoate,methyl hexadecanoate,8181,112-39-0,CCCCCCCCCCCCCCCC(=O)OC,CIR (NIH Cactus),
218,"Z,Z-geranyl linalool",,,,CC(C)=CCCC(\C)=C/C/C=C\C(C)(O)CCC=C(C)C,CIR (NIH Cactus),CAS not found; 
219,Ethyl hexadecanoate,ethyl hexadecanoate,12366,628-97-7,CCCCCCCCCCCCCCCC(=O)OCC,CIR (NIH Cactus),
223,Manool,"(3R)-5-[(1S,4aS,8aS)-5,5,8a-trimethyl-2-methylidene-3,4,4a,6,7,8-hexahydro-1H-naphthalen-1-yl]-3-methylpent-1-en-3-ol",3034394,596-85-0,CC1(C)CCC[C@]2(C)[C@@H](CCC(C)(O)C=C)C(=C)CC[C@@H]12,CIR (NIH Cactus),
224,Ethyl octadecanoate,ethyl octadecanoate,8122,111-61-5,CCCCCCCCCCCCCCCCCC(=O)OCC,CIR (NIH Cactus),
225,Ethyl pentanoate,ethyl pentanoate,10882,539-82-2,CCCCC(=O)OCC,CIR (NIH Cactus),
226,2-ethyl-3-methylpyrazine,2-ethyl-3-methylpyrazine,27457,15707-23-0,CCc1nccnc1C,CIR (NIH Cactus),
